{"cameraMode":{"drawMode":0,"name":"Shaded","section":"Shading Mode"},"sceneLighting":true,"audioPlay":false,"sceneViewState":{"m_AlwaysRefresh":false,"showFog":true,"showSkybox":true,"showFlares":true,"showImageEffects":true,"showParticleSystems":true,"showVisualEffectGraphs":true,"m_FxEnabled":true},"in2DMode":false,"pivot":{"x":0.5274578332901001,"y":20.11331558227539,"z":-153.2688446044922},"rotation":{"x":-0.4352860748767853,"y":0.003562831785529852,"z":-0.0022610253654420377,"w":-0.9003944993019104},"size":8.47877025604248,"orthographic":false}